customer_id,customer_name
551,Kelly Cooper
24,Christine Lewis
545,Destiny Morris MD
159,Edward Armstrong
430,Joshua Anderson
212,Susan Gonzalez
251,Amy Jimenez
58,Kristin Clark
310,Marcus Daniel
538,Crystal Calhoun
386,Jimmy Lee
576,Donna Lopez
380,Brian Rogers
275,Daniel Williams
217,Deborah Powell
566,Alan Bailey DVM
303,Brandy Henry
173,Matthew Stevens
189,Dale Jones
77,Rachel Vang
141,James Galloway
224,Jennifer Davis
515,Carl Mullins
99,Julia Sutton
471,Sheri Lopez
83,Holly Hughes
416,Desiree Leonard
408,Gregory Leonard
394,Dalton Allen
55,Christy Mcintosh
191,Brandon Ritter
253,Robert George
158,Phillip Rodriguez
586,Tiffany Williams
276,Douglas Farley
258,George Frank
469,Cole Adams
140,Eileen Alexander
288,Kenneth Taylor
559,Carrie Davis
215,Ashlee Fisher
434,Jill Fuller
597,Samantha Norman
369,Michele Nichols
46,Julie Ingram
441,Michael Padilla
457,Joseph Edwards
88,Miss Julie Robinson
320,Joseph Farmer
357,Michael Little
69,Kevin Foster
352,Kimberly Soto
529,Beth Saunders
474,Ashley Woods
443,Douglas Mitchell
65,Eric Herrera
117,Kenneth Velazquez
524,Rhonda Brown
502,Rebecca Kelly
368,Garrett Gomez
455,Daniel Quinn
452,Jason Norman
90,Mr. Peter Johnson
360,Benjamin Serrano
143,Michael Baldwin
297,Rachael Anderson
139,Keith Wagner
130,Austin Berg
254,Mrs. Wendy Roberts
78,Sierra Smith
367,Terri Hanson
346,Christy Goodwin
128,Heather Smith
439,Erik Yu
163,Courtney Cobb
257,Gregory Marquez MD
406,Howard Campos
9,Matthew Murphy
321,Jeffrey Harvey
147,Kenneth Ballard
451,Christopher Lopez
454,Nathan Villanueva
144,Katrina Mccann
531,Erica Thompson
56,Timothy Moore
396,Sarah Turner
560,Jay Owens
519,Cory Davila
412,Jessica Hill
285,Mary Mcdonald
550,Patrick Pitts
448,Chloe Jackson
317,Jennifer Harris
13,Jamie Hart
31,Kristen Wise
467,Susan Mckinney
377,Rachel Greene
234,Patricia Larson
48,Autumn Johnson
80,Amanda Rios
229,Richard Herrera
578,Adrienne Fernandez
378,Ashley Ruiz
10,Jeffery Clark
107,Joshua Johnson
45,Scott Spencer
382,Teresa Waters
518,Jasmin Valencia
464,Heather Pratt
312,Brandon Johnson
415,Justin Ho
97,Kimberly Rios
44,Gina Hoover
405,Tiffany Marshall
511,Jade Greer
287,Daniel Clark
558,Peter Marquez
543,Barbara Contreras
103,Ryan Gomez
225,Michael Ferguson
361,Bobby Perry
505,Charles Gardner
1,Jeffrey Ryan
23,Jacob Wilson
104,James Ramirez
499,Ashley Little
302,Victoria Hurst
263,Amy Franklin
449,Angel Martin
388,Brittany Sanchez
167,Tracy Hickman
21,Nicholas Holt
175,Kevin Wong
347,Michele Cabrera
442,Desiree Barber
492,Dean Baker
84,Devin Scott
190,Stephanie Gutierrez MD
353,Alicia Austin
567,Pamela Murphy
549,Allison Carrillo
124,Mark Fisher
198,John Medina
152,Keith Murillo
421,Morgan Edwards
39,Jason Long
40,Edward Parrish
487,Darren Marsh
311,Frank Holland II
427,Victor Martinez
34,Michael Murray
248,Benjamin Harper
154,Laurie Jones
328,Sandra Andersen
266,Julie Lee
475,Brian Sanders
484,Jose Martin
351,Michael Bush
324,Melissa Lambert
341,Malik Zimmerman
463,Sandra Saunders
544,Mrs. Kristin Johnson
533,Luis Lucas
517,Patrick Harrison
262,Robert Burke
111,Fred Mccullough
429,Justin Owen
290,Karen Carter
339,Brandon Davis
588,Abigail Hernandez
271,Annette Dunlap
298,Natasha Hawkins
98,Heather Hunt
96,Henry Anderson
410,James Williams
432,Anna Spence
61,Jonathan Tyler
495,Holly Harris
153,Krystal Durham
170,Robert Anderson
91,Jason Park
19,Becky Jones
468,Karen Yates
110,Christopher Lin
462,Paula Adams
600,Jennifer Robbins
137,Melissa Hudson
561,Erin Crawford
433,Jeffrey Dennis
294,Jason Hunt
209,Johnny Morales
14,Dr. Isaac Baker
199,Joy Reed
286,Rebecca Ferguson
355,Alyssa Spencer
527,Eric Tran
435,Loretta Gonzalez
76,Brandon Marquez
589,William Collins
122,William Moore
161,Maria Hull
423,Kyle Farrell
552,Timothy Lopez
20,Debra Jones
218,Anthony Blake
593,Carla Paul
514,Nathaniel Garcia
371,Melinda Floyd
265,Julia Miller
494,Kenneth Brooks
236,Jordan Johnson
536,Cory Fleming
553,Jonathan Parker
436,Ann Jackson
220,Kimberly Romero
165,Beth Boyer
483,Mark Fisher
228,Dr. Jennifer Rogers MD
534,Bradley Scott
507,Terry Miller
174,Danielle Hancock
470,Selena Barnett
120,James Cervantes
235,Jacob Gibson
160,Julie Jones
7,Michele Contreras
179,Larry Chen
562,Michael Wilkinson
374,Austin Mendoza
569,Christopher Jones
485,Christine Mills
530,David Medina
168,Peter Rivas
591,Dana Robinson
364,Julia Rivera
274,Ruben Pennington
129,Michaela Hood
171,Gina Ray
27,Joseph Black
269,Travis Clark
226,Suzanne Benson
125,Willie Scott
331,Michelle Navarro
16,Lindsay Moore
365,Kyle Lee
282,Brandon Parker
33,Jasmine Rodriguez
585,Raymond Hill III
51,Daniel Dawson
63,Laura Robinson
60,Robert Ware
283,Laura White
335,Edward Cox
493,Amanda Johns
575,Sarah Ho
74,Hannah Griffith
359,Christopher Lane
64,Anthony Boyd
231,Beth Nelson
460,Amanda Johnson
142,Edwin Diaz
326,Billy Jordan
383,Mary Ramos
68,Lisa Holden
537,Caleb Munoz
4,Jeffrey Anderson
223,Karen Wright
571,Scott Mejia
57,Michele Beasley
340,Ralph Chan
166,Jason Grant
338,James Alexander
325,Melanie Pineda
133,Emily Buckley
2,Jill Pierce
425,Crystal Burnett
342,Alison Fletcher
579,Amanda Petersen
5,Travis Hodges
52,Paula Cook
393,James Hays
238,Mr. Gregory Miller Jr.
521,Lisa Aguirre
570,Christopher Johnston
411,Joseph Patton
379,Travis Beard
113,Joseph Brown
404,Juan Bell
582,Tina Brown
115,Benjamin Mitchell
100,Linda Turner
473,Joshua Ortiz
422,Justin Hunt
123,Catherine Clayton
114,Victoria Norris
264,Sean Anderson
400,Kim Black
414,Monique Thomas
548,Kelli Austin PhD
208,Derek Contreras
87,Joseph Orozco
547,Taylor Stafford
348,Brendan Cross
145,Whitney Murphy
315,Jennifer Vargas
66,Catherine Alvarez
245,Christine Flores
181,Denise Oconnor
204,Roger Noble
334,Melinda Noble
