customer_id,customer_name,email,registration_date,customer_type
1,Leicester,lbenoist0@zimbio.com,2/17/2026,REGULAR
2,Vinita,vmockes1@theatlantic.com,4/14/2026,PREMIUM
3,Colly,cagutter2@twitpic.com,5/27/2026,REGULAR
4,Etti,eshambrooke3@surveymonkey.com,1/7/2026,VIP
5,Klarrisa,kavieson4@deviantart.com,7/31/2025,PREMIUM
6,Edd,eschiesterl5@sciencedaily.com,1/5/2026,PREMIUM
7,Tamarra,tenzley6@opera.com,7/22/2025,REGULAR
8,Abba,achalder7@taobao.com,6/19/2026,PREMIUM
9,Freda,fashby8@livejournal.com,5/3/2026,VIP
10,Friedrich,fshadwick9@hubpages.com,8/17/2025,REGULAR
11,Laverna,lcutlera@smugmug.com,8/12/2025,PREMIUM
12,Patten,phabbershonb@google.com.br,8/21/2025,PREMIUM
13,Blisse,bspurriarc@unicef.org,11/8/2025,VIP
14,Taddeusz,tsorsbied@harvard.edu,4/11/2026,VIP
15,Ripley,rmulqueenye@addthis.com,2/11/2026,PREMIUM
16,Waylen,wmowburyf@theglobeandmail.com,12/30/2025,VIP
17,Arabele,acottug@webeden.co.uk,6/22/2026,REGULAR
18,Alphonse,amcloneyh@etsy.com,12/13/2025,VIP
19,Bald,bsalernoi@aol.com,11/15/2025,REGULAR
20,Onida,obastablej@theglobeandmail.com,11/19/2025,PREMIUM
21,Thaddus,tlemasneyk@theguardian.com,9/1/2025,PREMIUM
22,Crystie,ckeelingel@storify.com,4/29/2026,REGULAR
23,Kimbell,kwhottonm@elpais.com,9/25/2025,REGULAR
24,Patience,pdoleyn@ning.com,8/22/2025,VIP
25,Andriana,apontaino@digg.com,7/13/2025,PREMIUM
26,Gannie,gweylandp@npr.org,6/27/2026,PREMIUM
27,Luisa,lcannq@comsenz.com,3/23/2026,REGULAR
28,Frans,fgoochr@apple.com,4/8/2026,REGULAR
29,Carlyle,ctrenoweths@so-net.ne.jp,1/25/2026,VIP
30,Georgia,gtantumt@histats.com,8/4/2025,PREMIUM
31,Gabbey,gkinzeu@loc.gov,6/27/2026,REGULAR
32,Grove,gjindracekv@hao123.com,10/23/2025,VIP
33,Sharron,swilemanw@uol.com.br,11/5/2025,VIP
34,Rennie,rleverettx@chicagotribune.com,8/3/2025,VIP
35,Gerrard,gashfordy@woothemes.com,12/18/2025,PREMIUM
36,Gerri,gtellwrightz@eepurl.com,2/16/2026,VIP
37,Desiree,dnurdin10@ehow.com,11/9/2025,VIP
38,Lesly,lwaite11@ustream.tv,9/24/2025,PREMIUM
39,Susie,sfinn12@prnewswire.com,11/28/2025,VIP
40,Wylie,wguitel13@sbwire.com,6/9/2026,REGULAR
41,Levon,lalkin14@dyndns.org,2/16/2026,REGULAR
42,Neely,nferby15@cbsnews.com,5/8/2026,PREMIUM
43,Hannah,hbremner16@freewebs.com,9/2/2025,VIP
44,Quillan,qhulburt17@hhs.gov,8/12/2025,VIP
45,Cristen,cverty18@liveinternet.ru,3/26/2026,VIP
46,Marius,mhenworth19@geocities.jp,6/12/2026,PREMIUM
47,Oneida,oleigh1a@infoseek.co.jp,3/21/2026,PREMIUM
48,Celka,cmullord1b@wufoo.com,2/12/2026,REGULAR
49,Cordell,cscurrah1c@qq.com,11/1/2025,PREMIUM
50,Kial,kbinns1d@free.fr,5/2/2026,PREMIUM
51,Tarra,tbowering1e@csmonitor.com,2/16/2026,REGULAR
52,Elisha,eantonsson1f@mlb.com,1/31/2026,REGULAR
53,Roddie,rflay1g@cornell.edu,3/31/2026,VIP
54,Brandtr,bstapells1h@yahoo.co.jp,1/14/2026,PREMIUM
55,Christiana,coleahy1i@forbes.com,11/6/2025,PREMIUM
56,Bryn,bmalarkey1j@barnesandnoble.com,12/8/2025,PREMIUM
57,Friederike,fclelle1k@privacy.gov.au,5/30/2026,REGULAR
58,Hillary,hcardno1l@timesonline.co.uk,11/1/2025,VIP
59,Jedd,jprose1m@istockphoto.com,7/9/2026,VIP
60,Robena,rhindenburg1n@shareasale.com,12/13/2025,VIP
61,Esther,ejepperson1o@dailymotion.com,12/15/2025,REGULAR
62,Bobine,btofpik1p@creativecommons.org,12/17/2025,PREMIUM
63,Kalil,kfilipovic1q@godaddy.com,9/11/2025,PREMIUM
64,Rod,rjewel1r@europa.eu,7/23/2025,PREMIUM
65,Cory,cpriditt1s@upenn.edu,4/1/2026,PREMIUM
66,Josephina,jtilsley1t@fda.gov,7/12/2026,PREMIUM
67,Mohandas,mscully1u@rambler.ru,2/19/2026,VIP
68,Phil,pwinward1v@artisteer.com,2/2/2026,VIP
69,Patricio,phugo1w@usnews.com,8/20/2025,PREMIUM
70,Yorker,yhendin1x@disqus.com,5/3/2026,PREMIUM
71,Field,fcurtois1y@acquirethisname.com,12/15/2025,VIP
72,Simone,strumble1z@blinklist.com,11/17/2025,VIP
73,Tabor,ttreves20@mapy.cz,12/11/2025,PREMIUM
74,Mirabelle,mvanyatin21@examiner.com,5/14/2026,VIP
75,Enrica,ejakubski22@cpanel.net,4/30/2026,REGULAR
76,Pen,pjasik23@businessinsider.com,5/5/2026,VIP
77,Dorella,dsimchenko24@squarespace.com,7/6/2026,REGULAR
78,Karel,kjosebury25@npr.org,1/16/2026,REGULAR
79,Sasha,sredman26@newsvine.com,10/10/2025,VIP
80,Manuel,mpyrah27@deliciousdays.com,9/2/2025,REGULAR
81,Nike,nskaid28@tripadvisor.com,1/25/2026,REGULAR
82,Orelee,osnoad29@cnet.com,10/6/2025,REGULAR
83,Beltran,bnajera2a@flickr.com,11/5/2025,PREMIUM
84,Sherwin,sgainsburgh2b@vk.com,5/11/2026,VIP
85,Lesly,lrosenstiel2c@cam.ac.uk,7/27/2025,PREMIUM
86,Shepperd,scorderoy2d@cam.ac.uk,4/5/2026,PREMIUM
87,Lottie,ltincey2e@about.com,12/3/2025,PREMIUM
88,Modestia,mrangeley2f@etsy.com,12/24/2025,VIP
89,Francisca,fcongreve2g@purevolume.com,1/12/2026,REGULAR
90,Gennifer,gadlem2h@miibeian.gov.cn,10/17/2025,VIP
91,Ann-marie,alaugier2i@blogger.com,3/26/2026,VIP
92,Beilul,bfaughey2j@paypal.com,4/18/2026,VIP
93,Arturo,aconboy2k@amazonaws.com,9/22/2025,VIP
94,Cilka,cfaint2l@paypal.com,6/8/2026,PREMIUM
95,Katherina,kpyott2m@noaa.gov,5/9/2026,REGULAR
96,Cass,ctrevorrow2n@cbc.ca,10/31/2025,PREMIUM
97,Jo,jprati2o@prnewswire.com,1/9/2026,REGULAR
98,Bernadene,bsibthorp2p@marriott.com,9/16/2025,REGULAR
99,Hugh,hlaughren2q@scribd.com,7/27/2025,PREMIUM
100,Jayme,jstrathern2r@sciencedirect.com,1/28/2026,VIP
101,Leslie,leade2s@globo.com,12/18/2025,VIP
102,Nata,nmoxstead2t@ed.gov,3/23/2026,REGULAR
103,Zebedee,zparlet2u@drupal.org,5/30/2026,VIP
104,Jack,jmedley2v@free.fr,10/25/2025,REGULAR
105,Hartwell,hgiuroni2w@fastcompany.com,1/27/2026,REGULAR
106,Tresa,thaney2x@purevolume.com,5/1/2026,PREMIUM
107,Haroun,hwylder2y@tiny.cc,9/1/2025,PREMIUM
108,Chelsey,chartman2z@intel.com,4/28/2026,VIP
109,Melessa,mtrenholme30@pen.io,11/30/2025,PREMIUM
110,Dale,dbonus31@artisteer.com,8/31/2025,REGULAR
111,Penni,pdalla32@yolasite.com,9/16/2025,REGULAR
112,Toddie,tbygraves33@exblog.jp,8/19/2025,PREMIUM
113,Alfonso,amacchaell34@virginia.edu,8/15/2025,PREMIUM
114,Harwell,hgeertje35@ycombinator.com,1/7/2026,VIP
115,Walliw,wworley36@gnu.org,5/26/2026,PREMIUM
116,Garreth,gjoiner37@domainmarket.com,3/20/2026,PREMIUM
117,Cecilia,cbauer38@scientificamerican.com,2/12/2026,VIP
118,Granger,gquarterman39@ibm.com,5/7/2026,PREMIUM
119,Teodora,tzarfai3a@xing.com,12/18/2025,REGULAR
120,Robinet,rfooks3b@live.com,2/7/2026,REGULAR
121,Agathe,asemor3c@guardian.co.uk,9/12/2025,REGULAR
122,Ches,cblakeway3d@walmart.com,6/29/2026,VIP
123,Fleming,fbruinsma3e@google.cn,1/9/2026,REGULAR
124,Marys,measdon3f@tumblr.com,2/6/2026,PREMIUM
125,Nicki,ngarstan3g@wisc.edu,5/29/2026,REGULAR
126,Milzie,mspacey3h@kickstarter.com,11/26/2025,VIP
127,Rosalynd,rcrafter3i@is.gd,5/13/2026,PREMIUM
128,Randi,rkupper3j@arizona.edu,6/4/2026,VIP
129,Cornie,cburmaster3k@trellian.com,12/2/2025,REGULAR
130,Asa,amerrifield3l@usa.gov,3/22/2026,REGULAR
131,Benetta,bwealthall3m@wunderground.com,1/29/2026,VIP
132,Cher,cdurtnel3n@ifeng.com,6/18/2026,REGULAR
133,Ralph,rmandre3o@quantcast.com,7/30/2025,REGULAR
134,Madeleine,mgiriardelli3p@cornell.edu,4/2/2026,PREMIUM
135,Jerrine,jvannuccini3q@cam.ac.uk,3/19/2026,REGULAR
136,Claiborn,cwingham3r@latimes.com,3/23/2026,PREMIUM
137,Berton,btwittey3s@jalbum.net,5/6/2026,VIP
138,Nevins,nscholes3t@usatoday.com,11/8/2025,PREMIUM
139,Nikaniki,nwatsonbrown3u@tinyurl.com,1/27/2026,REGULAR
140,Cathrine,cgrimsey3v@redcross.org,11/6/2025,REGULAR
141,Tomasina,tharniman3w@xing.com,5/8/2026,REGULAR
142,Mora,mtreen3x@yahoo.com,4/5/2026,REGULAR
143,Marsiella,mcorkish3y@digg.com,11/5/2025,REGULAR
144,Thekla,tsmoth3z@aol.com,5/17/2026,VIP
145,Lambert,lmcwilliam40@purevolume.com,7/14/2025,VIP
146,Gallagher,gsavins41@weibo.com,4/14/2026,PREMIUM
147,Donnamarie,dadger42@elpais.com,7/13/2025,VIP
148,Tomasina,tpetofi43@un.org,10/7/2025,PREMIUM
149,Angelina,adeverson44@twitter.com,11/8/2025,REGULAR
150,Miranda,mbiasetti45@deviantart.com,11/9/2025,VIP
151,Swen,srosenauer46@sphinn.com,10/1/2025,VIP
152,Kristal,kbendley47@a8.net,7/21/2025,REGULAR
153,Letitia,lthorouggood48@seesaa.net,7/3/2026,PREMIUM
154,Karel,ktoffetto49@noaa.gov,9/26/2025,REGULAR
155,Aubrey,aofeeney4a@yahoo.com,7/21/2025,REGULAR
156,Kelbee,khamberstone4b@pagesperso-orange.fr,4/6/2026,VIP
157,Mord,mdoutch4c@who.int,7/15/2025,REGULAR
158,Myrta,mbeccera4d@canalblog.com,11/7/2025,VIP
159,Ingeborg,ikear4e@opera.com,3/22/2026,PREMIUM
160,Harmonia,hjannex4f@jimdo.com,11/7/2025,PREMIUM
161,Lorianna,lbaynes4g@wired.com,6/19/2026,PREMIUM
162,Courtnay,crosingdall4h@ucsd.edu,12/10/2025,REGULAR
163,Matty,mobrian4i@toplist.cz,10/6/2025,VIP
164,Hugo,hadlard4j@constantcontact.com,8/24/2025,VIP
165,Ermentrude,edulany4k@dyndns.org,12/15/2025,REGULAR
166,Grantley,gbauldry4l@gov.uk,1/29/2026,REGULAR
167,Nestor,nclift4m@scientificamerican.com,2/26/2026,REGULAR
168,Kermie,kmccathie4n@ft.com,8/8/2025,REGULAR
169,Andrej,alongbone4o@wp.com,7/5/2026,PREMIUM
170,Ellis,emersh4p@blogspot.com,11/11/2025,PREMIUM
171,Wilbur,woglassane4q@skyrock.com,4/24/2026,REGULAR
172,Benedetto,bcoleridge4r@redcross.org,8/20/2025,PREMIUM
173,Babb,blilburne4s@hexun.com,9/14/2025,REGULAR
174,Tuckie,tmarvell4t@technorati.com,12/27/2025,PREMIUM
175,Alfie,aexrol4u@scientificamerican.com,12/9/2025,VIP
176,Codi,cshreve4v@vk.com,8/31/2025,PREMIUM
177,Marilyn,mcardon4w@vimeo.com,4/11/2026,REGULAR
178,Sissy,skynett4x@cyberchimps.com,2/11/2026,VIP
179,Nerissa,nfreckleton4y@stumbleupon.com,5/23/2026,VIP
180,Sheila,sbriatt4z@amazon.co.jp,5/15/2026,REGULAR
181,Dorthea,dramme50@npr.org,1/22/2026,REGULAR
182,Leigh,lflatte51@va.gov,8/25/2025,VIP
183,Jenelle,jeloy52@example.com,9/17/2025,VIP
184,Colin,ckayser53@meetup.com,6/7/2026,PREMIUM
185,Dermot,dcullimore54@nyu.edu,1/17/2026,VIP
186,Stan,sgatland55@imageshack.us,1/24/2026,PREMIUM
187,Selig,smassingham56@google.com.hk,3/25/2026,VIP
188,Zerk,zohaire57@usda.gov,5/31/2026,PREMIUM
189,Marrissa,mmcgourty58@hostgator.com,7/27/2025,REGULAR
190,Gerrard,gvarran59@drupal.org,10/31/2025,PREMIUM
191,Devondra,dadderson5a@linkedin.com,8/20/2025,REGULAR
192,Paulita,pmissen5b@360.cn,5/30/2026,PREMIUM
193,Clem,crayworth5c@1688.com,8/18/2025,VIP
194,Pierson,pcasine5d@bbb.org,6/9/2026,REGULAR
195,Nara,nraulin5e@microsoft.com,8/9/2025,VIP
196,Heidi,hluxton5f@google.ru,4/26/2026,REGULAR
197,Diego,dcampany5g@artisteer.com,1/12/2026,REGULAR
198,Bo,bchrestien5h@vkontakte.ru,12/23/2025,REGULAR
199,Didi,delleyne5i@wikimedia.org,2/6/2026,VIP
200,Mel,mbudge5j@newsvine.com,5/19/2026,PREMIUM
201,Judon,jbeiderbeck5k@topsy.com,7/8/2026,REGULAR
202,Linus,ldutt5l@amazon.com,5/26/2026,REGULAR
203,Trudey,tfarlambe5m@wired.com,9/26/2025,VIP
204,Lorne,lneljes5n@instagram.com,7/7/2026,PREMIUM
205,Tresa,tnund5o@blog.com,4/27/2026,PREMIUM
206,Loleta,lbecconsall5p@pagesperso-orange.fr,9/9/2025,REGULAR
207,Wilie,wrontsch5q@hibu.com,2/18/2026,REGULAR
208,Barby,bstidever5r@opensource.org,9/3/2025,VIP
209,Hamnet,hovell5s@taobao.com,4/3/2026,REGULAR
210,Suellen,sflavelle5t@ebay.com,4/2/2026,VIP
211,Xavier,xcraister5u@123-reg.co.uk,11/22/2025,VIP
212,Jany,jessery5v@google.com.br,9/24/2025,REGULAR
213,Tybalt,tkleimt5w@state.tx.us,2/2/2026,PREMIUM
214,Aloise,apridding5x@g.co,4/29/2026,PREMIUM
215,Jeramey,jcoppeard5y@home.pl,12/23/2025,VIP
216,Ivette,isurgenor5z@ox.ac.uk,8/7/2025,VIP
217,Abigail,alandreth60@marriott.com,6/25/2026,VIP
218,Viki,vpopelay61@nba.com,3/2/2026,REGULAR
219,Augustine,amclaughlin62@opera.com,2/9/2026,VIP
220,Hillie,hfaill63@epa.gov,11/4/2025,VIP
221,Sanson,sportal64@utexas.edu,11/17/2025,REGULAR
222,Harper,hveryan65@tumblr.com,4/9/2026,PREMIUM
223,Jehanna,jshawcross66@google.cn,3/19/2026,REGULAR
224,Blondell,bstarten67@reddit.com,7/1/2026,REGULAR
225,Ferrell,fblakelock68@rakuten.co.jp,7/22/2025,VIP
226,Megen,mlelievre69@sakura.ne.jp,2/3/2026,VIP
227,Shirlene,smacgraith6a@google.nl,5/14/2026,REGULAR
228,Jacynth,jgiannazzo6b@ehow.com,10/10/2025,REGULAR
229,Dominga,dlankham6c@sfgate.com,12/13/2025,VIP
230,Cass,cwelburn6d@slashdot.org,3/7/2026,REGULAR
231,Keir,kdumpleton6e@mapquest.com,8/27/2025,REGULAR
232,Emmalyn,egrainger6f@cnbc.com,7/17/2025,PREMIUM
233,Jayson,jspata6g@sogou.com,11/29/2025,VIP
234,Renata,rastlet6h@cbsnews.com,4/11/2026,VIP
235,Andros,asuttie6i@pen.io,10/30/2025,PREMIUM
236,Ortensia,obattson6j@japanpost.jp,5/16/2026,REGULAR
237,Nola,nganter6k@hibu.com,7/28/2025,PREMIUM
238,Lon,llongforth6l@1und1.de,4/29/2026,REGULAR
239,Leora,lspaxman6m@sakura.ne.jp,7/28/2025,VIP
240,Cindra,cphibb6n@lulu.com,10/9/2025,VIP
241,Tamas,tcoorington6o@scientificamerican.com,7/16/2025,REGULAR
242,Gradeigh,glambarton6p@sina.com.cn,9/25/2025,VIP
243,Monika,mjanata6q@nps.gov,10/6/2025,PREMIUM
244,Albertine,aduckham6r@fema.gov,2/18/2026,VIP
245,Elbert,emeakin6s@symantec.com,12/11/2025,VIP
246,Bruis,bwoodfield6t@cam.ac.uk,2/10/2026,VIP
247,Tremayne,tcraighall6u@google.co.jp,12/15/2025,REGULAR
248,Oates,osavil6v@sourceforge.net,4/20/2026,REGULAR
249,Shena,sturbefield6w@sun.com,12/22/2025,PREMIUM
250,Krista,klavarack6x@foxnews.com,10/2/2025,PREMIUM
251,Feliza,fkerwood6y@opera.com,11/14/2025,PREMIUM
252,Burk,belkins6z@github.com,11/23/2025,VIP
253,Moshe,mgilburt70@icq.com,8/5/2025,VIP
254,Hubey,hhowles71@tumblr.com,7/1/2026,VIP
255,Giustino,gparker72@narod.ru,8/25/2025,VIP
256,Ami,abarkess73@nifty.com,5/23/2026,VIP
257,Kristan,kgreneham74@vimeo.com,7/24/2025,REGULAR
258,Roxy,rcheeld75@example.com,5/29/2026,REGULAR
259,Teodora,tpalfreyman76@google.de,12/11/2025,REGULAR
260,Kevin,kglenny77@geocities.com,10/1/2025,VIP
261,Tiebold,tsabine78@jimdo.com,3/25/2026,PREMIUM
262,Fitzgerald,fpurton79@google.co.jp,5/1/2026,REGULAR
263,Ody,obabst7a@wikia.com,10/22/2025,VIP
264,Woodrow,wetty7b@disqus.com,12/13/2025,VIP
265,Hermine,hcartledge7c@oakley.com,3/6/2026,PREMIUM
266,Ignace,imurkitt7d@issuu.com,7/23/2025,PREMIUM
267,Rockie,rfouracres7e@nih.gov,11/12/2025,REGULAR
268,Tally,tbiaggioli7f@zimbio.com,11/15/2025,VIP
269,Saw,spriver7g@google.it,9/14/2025,REGULAR
270,Minni,mmustard7h@omniture.com,3/4/2026,REGULAR
271,Thelma,tcroley7i@dyndns.org,3/30/2026,VIP
272,Emogene,emcelwee7j@economist.com,10/7/2025,REGULAR
273,Elsey,egatty7k@umn.edu,7/16/2025,VIP
274,Sharyl,slortzing7l@usatoday.com,11/2/2025,PREMIUM
275,Job,jmclaverty7m@1688.com,8/20/2025,VIP
276,Enrichetta,estaggs7n@blinklist.com,2/2/2026,PREMIUM
277,Cazzie,clowensohn7o@naver.com,2/28/2026,REGULAR
278,Aluin,akeenan7p@gravatar.com,4/4/2026,VIP
279,Cecelia,cpettko7q@loc.gov,8/31/2025,VIP
280,Winn,warlett7r@cnet.com,11/8/2025,PREMIUM
281,Jessica,jspadari7s@i2i.jp,9/29/2025,REGULAR
282,Pierre,pedinburough7t@virginia.edu,5/9/2026,VIP
283,Dukie,dbarrington7u@cafepress.com,9/25/2025,VIP
284,Alexandros,amcdill7v@census.gov,4/19/2026,REGULAR
285,Giffy,gblackly7w@yale.edu,2/1/2026,REGULAR
286,Grace,gshillitoe7x@sfgate.com,11/25/2025,REGULAR
287,Durward,dmatushenko7y@ftc.gov,11/11/2025,REGULAR
288,Ajay,adeguise7z@hibu.com,5/5/2026,REGULAR
289,Kirsteni,kbut80@weibo.com,11/14/2025,PREMIUM
290,Tate,tspiteri81@buzzfeed.com,11/17/2025,PREMIUM
291,Phip,pbrettel82@washington.edu,1/11/2026,PREMIUM
292,Twyla,tcamp83@mtv.com,5/26/2026,PREMIUM
293,Yard,yhabble84@webeden.co.uk,4/30/2026,VIP
294,Nataniel,nmcconnell85@icq.com,4/27/2026,PREMIUM
295,Dur,dfawlo86@surveymonkey.com,11/20/2025,REGULAR
296,Bell,bhillyatt87@walmart.com,11/28/2025,REGULAR
297,Abramo,atilzey88@homestead.com,10/4/2025,VIP
298,Hadria,hlowsely89@t.co,7/25/2025,REGULAR
299,Arly,aalabone8a@samsung.com,11/16/2025,REGULAR
300,Arlena,amclugish8b@wordpress.org,1/30/2026,PREMIUM
301,Eydie,elarkings8c@upenn.edu,10/29/2025,REGULAR
302,Gayla,gives8d@businesswire.com,12/15/2025,VIP
303,Gwenora,gmackinder8e@merriam-webster.com,6/9/2026,REGULAR
304,Sayres,strail8f@rakuten.co.jp,12/23/2025,VIP
305,Aloysius,aburditt8g@techcrunch.com,4/22/2026,REGULAR
306,Nelia,nbotten8h@mozilla.org,8/17/2025,REGULAR
307,Muire,mhanna8i@histats.com,9/2/2025,REGULAR
308,Franny,fackrill8j@ow.ly,11/4/2025,REGULAR
309,Alano,adahlen8k@arstechnica.com,5/28/2026,PREMIUM
310,Hana,htanswill8l@shutterfly.com,5/11/2026,PREMIUM
311,Hanna,hdeanesy8m@diigo.com,3/31/2026,REGULAR
312,Georgena,gwrettum8n@clickbank.net,5/28/2026,VIP
313,Nels,nkleinhausen8o@constantcontact.com,4/21/2026,REGULAR
314,Vachel,vroycraft8p@usa.gov,12/23/2025,PREMIUM
315,Brynna,bmyott8q@jigsy.com,5/20/2026,VIP
316,Abdul,abutterfint8r@w3.org,4/29/2026,PREMIUM
317,Aurea,amassimo8s@tuttocitta.it,2/23/2026,PREMIUM
318,Markos,moneary8t@meetup.com,12/9/2025,REGULAR
319,Jacob,jmckinie8u@marketwatch.com,12/24/2025,REGULAR
320,Tanhya,tvarnals8v@foxnews.com,3/22/2026,PREMIUM
321,Emily,ebarkess8w@cnet.com,8/14/2025,PREMIUM
322,Romain,rpickrell8x@google.com.au,5/14/2026,REGULAR
323,Rori,rduggary8y@ebay.co.uk,3/19/2026,PREMIUM
324,Ram,rkitchenham8z@ucla.edu,12/18/2025,VIP
325,Johnnie,jdutchburn90@mit.edu,7/28/2025,REGULAR
326,Rozamond,rdaughtery91@shutterfly.com,7/18/2025,REGULAR
327,Theo,tong92@istockphoto.com,1/6/2026,VIP
328,Jimmy,jrutledge93@un.org,1/19/2026,VIP
329,Ware,wchismon94@fc2.com,1/26/2026,REGULAR
330,Erina,ebirtles95@china.com.cn,10/9/2025,VIP
331,Codee,charbron96@nih.gov,2/15/2026,REGULAR
332,Zachary,zmokes97@shareasale.com,5/22/2026,PREMIUM
333,Deidre,dsturton98@123-reg.co.uk,12/21/2025,REGULAR
334,Channa,caspital99@ning.com,11/22/2025,PREMIUM
335,Arda,agerrey9a@wordpress.org,6/18/2026,VIP
336,Holly,hwaywell9b@nifty.com,11/9/2025,VIP
337,Alli,ahudspeth9c@vimeo.com,3/9/2026,PREMIUM
338,Lancelot,lbilles9d@shinystat.com,7/7/2026,VIP
339,Vivianna,vbather9e@infoseek.co.jp,1/5/2026,PREMIUM
340,Erika,ebolmann9f@blinklist.com,11/10/2025,VIP
341,Hubert,hhousley9g@joomla.org,8/4/2025,VIP
342,Megan,mtemperley9h@comcast.net,9/19/2025,VIP
343,Estevan,elouiset9i@latimes.com,7/2/2026,REGULAR
344,Darrelle,dmccoughan9j@redcross.org,3/1/2026,PREMIUM
345,Janot,jmolfino9k@craigslist.org,4/3/2026,VIP
346,Edy,ebench9l@redcross.org,11/10/2025,PREMIUM
347,Karoly,kcalway9m@npr.org,2/26/2026,VIP
348,Blanche,btimmis9n@lycos.com,7/7/2026,REGULAR
349,Zorana,zjakovijevic9o@google.com.au,1/17/2026,VIP
350,Jean,jmatczak9p@globo.com,12/27/2025,VIP
351,Cesaro,cciraldo9q@tmall.com,6/22/2026,PREMIUM
352,Starla,sproughten9r@indiegogo.com,6/2/2026,PREMIUM
353,Theresita,tsimic9s@blogtalkradio.com,5/8/2026,REGULAR
354,Lindy,lspinage9t@a8.net,8/19/2025,VIP
355,Sheilakathryn,smatskiv9u@dropbox.com,11/2/2025,VIP
356,Joshuah,jbogaert9v@sogou.com,8/30/2025,PREMIUM
357,Dayle,dtolle9w@blogspot.com,1/16/2026,VIP
358,Skelly,sfarnham9x@360.cn,5/22/2026,VIP
359,Balduin,bsphinxe9y@ucoz.com,9/8/2025,VIP
360,Terry,trobus9z@google.com.hk,8/29/2025,REGULAR
361,Mead,mdoidgea0@narod.ru,3/17/2026,VIP
362,Emmanuel,esantacrolea1@mapy.cz,11/3/2025,REGULAR
363,Ellis,ehuxtera2@moonfruit.com,3/25/2026,PREMIUM
364,Queenie,qsolea3@opera.com,12/20/2025,PREMIUM
365,Yancy,ydyeta4@cbsnews.com,3/3/2026,PREMIUM
366,Mack,mwynrehamea5@virginia.edu,7/9/2026,PREMIUM
367,Derron,dsteuarta6@domainmarket.com,4/1/2026,PREMIUM
368,Rowland,rivella7@homestead.com,12/23/2025,VIP
369,Karmen,kdanna8@php.net,5/17/2026,VIP
370,Beau,bcoultharda9@economist.com,11/16/2025,VIP
371,Pierre,pschleswigholsteinaa@wired.com,2/8/2026,VIP
372,Charline,cgenickeab@home.pl,11/16/2025,REGULAR
373,Pace,pbuzzaac@ow.ly,7/27/2025,REGULAR
374,Eziechiele,etiesmanad@digg.com,7/13/2025,PREMIUM
375,Nevins,ncamamillae@ibm.com,1/4/2026,VIP
376,Denna,dsestonaf@diigo.com,4/13/2026,PREMIUM
377,Rex,rhowlesag@gravatar.com,12/9/2025,REGULAR
378,Errick,evousdenah@google.ca,5/7/2026,VIP
379,Joscelin,jgrabertai@oakley.com,3/24/2026,VIP
380,Shadow,stisonaj@virginia.edu,4/13/2026,REGULAR
381,Nomi,nbraamsak@state.tx.us,3/19/2026,REGULAR
382,Darell,dguyonal@prweb.com,11/12/2025,VIP
383,Skipper,ssouteram@google.com.br,7/28/2025,PREMIUM
384,Zarah,zocurrinean@photobucket.com,10/19/2025,VIP
385,Bernarr,bskeletonao@creativecommons.org,3/14/2026,PREMIUM
386,Zola,zjolinap@examiner.com,10/10/2025,REGULAR
387,Alec,amillaraq@facebook.com,7/24/2025,VIP
388,Manda,mbellerbyar@tiny.cc,5/19/2026,VIP
389,Glynn,gdeblaseas@constantcontact.com,2/17/2026,REGULAR
390,Elbertine,egockelenat@hexun.com,5/15/2026,VIP
391,Hildy,hkmieciakau@nbcnews.com,2/26/2026,PREMIUM
392,Latisha,lblencoweav@netscape.com,6/26/2026,VIP
393,Manfred,mmithonaw@thetimes.co.uk,3/20/2026,VIP
394,Hazel,hhellwingax@foxnews.com,11/24/2025,REGULAR
395,Della,dmiddlehurstay@google.fr,3/2/2026,PREMIUM
396,Torrance,tboytonaz@marketwatch.com,12/27/2025,PREMIUM
397,Boyce,biacopob0@example.com,1/28/2026,VIP
398,Dodie,dcodlinb1@goo.gl,5/3/2026,REGULAR
399,Venus,vcolquyteb2@linkedin.com,1/4/2026,VIP
400,Rurik,rcorrb3@t.co,1/19/2026,PREMIUM
401,Betteann,bpainterb4@virginia.edu,12/11/2025,PREMIUM
402,Lionello,lbastideb5@npr.org,7/2/2026,PREMIUM
403,Cybil,cchannerb6@is.gd,3/30/2026,REGULAR
404,Gerrie,gserotskyb7@bloomberg.com,8/29/2025,REGULAR
405,Almeta,awhinneyb8@delicious.com,11/9/2025,REGULAR
406,Marj,mdranb9@mapquest.com,12/24/2025,REGULAR
407,Almeda,amoxleyba@pinterest.com,3/31/2026,REGULAR
408,Binni,bmityashinbb@umich.edu,11/12/2025,REGULAR
409,Alexi,amaccarlichbc@bigcartel.com,2/10/2026,VIP
410,Cynde,csilbersakbd@diigo.com,5/31/2026,VIP
411,Antonetta,astumpbe@samsung.com,10/26/2025,VIP
412,Koren,kmaccullochbf@bloglovin.com,3/4/2026,REGULAR
413,Roselia,rrapellibg@domainmarket.com,11/5/2025,PREMIUM
414,Jesus,jmottobh@nbcnews.com,1/15/2026,REGULAR
415,Raf,rstrivensbi@360.cn,1/3/2026,PREMIUM
416,Constantino,cdarybj@blogger.com,12/10/2025,REGULAR
417,Lydie,lwhittleseabk@seattletimes.com,8/7/2025,VIP
418,Albie,abaltzarbl@cbc.ca,4/11/2026,PREMIUM
419,Wenonah,wlatheebm@blogs.com,9/23/2025,VIP
420,Rochella,rfluxbn@google.ru,1/14/2026,PREMIUM
421,Ingeberg,ifreckeltonbo@prweb.com,12/10/2025,REGULAR
422,Inglebert,isheeresbp@mapy.cz,9/29/2025,VIP
423,Agnola,acullinanbq@com.com,4/26/2026,REGULAR
424,Maxy,mangoodbr@1688.com,3/24/2026,REGULAR
425,Rosetta,rdowtybs@huffingtonpost.com,11/6/2025,VIP
426,Briana,bferronelbt@dailymotion.com,2/14/2026,REGULAR
427,Dotti,dpurchasebu@hexun.com,12/9/2025,REGULAR
428,Lizzy,ltelfordbv@vimeo.com,5/13/2026,PREMIUM
429,Izaak,ichatenierbw@bigcartel.com,3/28/2026,VIP
430,Eunice,eommanneybx@simplemachines.org,4/15/2026,VIP
431,Kellina,ktitheringtonby@trellian.com,9/7/2025,VIP
432,Vidovik,vhillbz@rambler.ru,11/18/2025,REGULAR
433,Lev,lpaylec0@sakura.ne.jp,3/21/2026,VIP
434,Margareta,mgillbec1@uol.com.br,11/19/2025,VIP
435,Meagan,mbarhimsc2@sciencedaily.com,5/13/2026,PREMIUM
436,Maribelle,mgershomc3@t.co,8/28/2025,PREMIUM
437,Alana,amanuellic4@miitbeian.gov.cn,4/20/2026,VIP
438,Jacquenette,jmulliganc5@pbs.org,7/18/2025,PREMIUM
439,Helaina,hdruittc6@blogspot.com,1/22/2026,REGULAR
440,Lara,ltryec7@oaic.gov.au,11/28/2025,VIP
441,Brier,bcrosfieldc8@washington.edu,8/9/2025,VIP
442,Gunner,ggowthropc9@wix.com,9/6/2025,VIP
443,Krishnah,krobjohnsca@joomla.org,10/20/2025,PREMIUM
444,Rudyard,rstothardcb@sourceforge.net,4/10/2026,PREMIUM
445,Merv,mkamenarcc@1688.com,11/24/2025,VIP
446,Jermayne,jchelamcd@dion.ne.jp,4/19/2026,PREMIUM
447,Kimball,kazemarce@youku.com,11/20/2025,REGULAR
448,Tamra,twinridgecf@feedburner.com,3/10/2026,VIP
449,Alena,achristescucg@networksolutions.com,5/4/2026,VIP
450,Dorri,dpadleych@netvibes.com,9/5/2025,VIP
451,Hersh,hwedgwoodci@wisc.edu,5/11/2026,PREMIUM
452,Tait,tgamlyncj@com.com,1/22/2026,VIP
453,Ellery,ekohnekeck@google.nl,5/10/2026,VIP
454,Tiphani,tgibberdcl@twitpic.com,7/23/2025,REGULAR
455,Sheffield,sstoeckcm@issuu.com,7/15/2025,PREMIUM
456,Eleni,eweymontcn@toplist.cz,6/30/2026,PREMIUM
457,Lotty,lpoyzerco@bbc.co.uk,3/27/2026,VIP
458,Jeremie,jarmittcp@msn.com,7/27/2025,VIP
459,Bridgette,bwarlockcq@gizmodo.com,2/18/2026,PREMIUM
460,Martha,mfromentcr@prnewswire.com,12/14/2025,VIP
461,Wallis,wdrinkeldcs@cisco.com,7/20/2025,VIP
462,Kristine,ksideryct@i2i.jp,8/18/2025,PREMIUM
463,Marcelo,molivicu@wired.com,11/4/2025,REGULAR
464,Darren,dcolvillcv@japanpost.jp,1/14/2026,VIP
465,Adrian,alackemanncw@usnews.com,4/3/2026,REGULAR
466,Datha,dsimonatocx@oakley.com,12/2/2025,VIP
467,Dwain,dmogglecy@mysql.com,3/9/2026,PREMIUM
468,Terrijo,trastrickcz@skyrock.com,1/29/2026,VIP
469,Emlynne,earnholdtd0@reverbnation.com,2/16/2026,REGULAR
470,Ranna,rdavsleyd1@salon.com,3/14/2026,VIP
471,Julianne,jwinteringhamd2@163.com,1/30/2026,VIP
472,Sharron,smixworthyd3@360.cn,7/12/2026,REGULAR
473,Felicle,fcovottid4@usnews.com,11/13/2025,PREMIUM
474,Pebrook,pextond5@furl.net,8/18/2025,PREMIUM
475,Claudius,cambrogellid6@hhs.gov,11/22/2025,REGULAR
476,Loraine,llednerd7@huffingtonpost.com,3/16/2026,PREMIUM
477,Corny,cellend8@i2i.jp,3/5/2026,PREMIUM
478,Aleksandr,apollendined9@about.me,6/20/2026,REGULAR
479,Amber,amooreyda@msn.com,1/6/2026,PREMIUM
480,Fawne,fburnessdb@engadget.com,4/13/2026,PREMIUM
481,Henry,hchessondc@baidu.com,11/15/2025,VIP
482,Byrom,bpigforddd@indiegogo.com,10/1/2025,PREMIUM
483,Kyle,kmulberryde@fotki.com,9/28/2025,REGULAR
484,Florinda,fargentedf@goodreads.com,11/18/2025,PREMIUM
485,Andris,ahedandg@xrea.com,12/18/2025,VIP
486,Kristopher,kyurkevichdh@sakura.ne.jp,5/8/2026,REGULAR
487,Rochester,rlooneydi@patch.com,10/1/2025,REGULAR
488,Jordan,jsquibedj@nps.gov,6/3/2026,PREMIUM
489,Kameko,khailesdk@cisco.com,9/6/2025,VIP
490,Stanford,skulisdl@wisc.edu,4/24/2026,VIP
491,Noreen,nnuthdm@vk.com,6/29/2026,VIP
492,Elane,eratnegedn@nydailynews.com,5/31/2026,VIP
493,Vachel,vmeedo@netvibes.com,2/21/2026,REGULAR
494,Drake,dpeiserdp@washingtonpost.com,9/20/2025,REGULAR
495,Berny,bbarnacloughdq@sogou.com,10/7/2025,REGULAR
496,Francesca,fbungeydr@webnode.com,5/31/2026,REGULAR
497,Ros,rcomfordds@guardian.co.uk,2/22/2026,VIP
498,Glyn,ggilluleydt@un.org,11/8/2025,PREMIUM
499,Adriaens,apichandu@dagondesign.com,10/3/2025,REGULAR
500,Jdavie,jcongreavedv@cbslocal.com,11/5/2025,PREMIUM
